<?xml version="1.0" encoding="UTF-8"?>
<project-private xmlns="http://www.netbeans.org/ns/project-private/1">
    <editor-bookmarks xmlns="http://www.netbeans.org/ns/editor-bookmarks/2" lastBookmarkId="20">
        <file>
            <url>src/Main.c</url>
            <bookmark id="17">
                <name/>
                <line>121</line>
                <key/>
            </bookmark>
            <bookmark id="15">
                <name/>
                <line>150</line>
                <key/>
            </bookmark>
            <bookmark id="7">
                <name/>
                <line>164</line>
                <key/>
            </bookmark>
        </file>
        <file>
            <url>h/Defines.h</url>
            <bookmark id="18">
                <name/>
                <line>42</line>
                <key/>
            </bookmark>
            <bookmark id="13">
                <name/>
                <line>46</line>
                <key/>
            </bookmark>
            <bookmark id="19">
                <name/>
                <line>52</line>
                <key/>
            </bookmark>
            <bookmark id="20">
                <name/>
                <line>54</line>
                <key/>
            </bookmark>
            <bookmark id="16">
                <name/>
                <line>97</line>
                <key/>
            </bookmark>
        </file>
        <file>
            <url>src/Protection.c</url>
            <bookmark id="6">
                <name/>
                <line>138</line>
                <key/>
            </bookmark>
            <bookmark id="5">
                <name/>
                <line>154</line>
                <key/>
            </bookmark>
            <bookmark id="1">
                <name/>
                <line>218</line>
                <key/>
            </bookmark>
            <bookmark id="2">
                <name/>
                <line>243</line>
                <key/>
            </bookmark>
            <bookmark id="9">
                <name/>
                <line>308</line>
                <key/>
            </bookmark>
            <bookmark id="10">
                <name/>
                <line>308</line>
                <key/>
            </bookmark>
            <bookmark id="11">
                <name/>
                <line>308</line>
                <key/>
            </bookmark>
            <bookmark id="12">
                <name/>
                <line>308</line>
                <key/>
            </bookmark>
        </file>
    </editor-bookmarks>
    <open-files xmlns="http://www.netbeans.org/ns/projectui-open-files/2">
        <group>
            <file>file:/C:/Users/C13248/Desktop/750W_LiveUpdate/UpdatedSW/Latest_SVN/ZVS_FullBridge_v3/ezbl_integration/ezbl_dual_partition.mk</file>
        </group>
    </open-files>
</project-private>
