<?xml version="1.0" encoding="UTF-8"?>
<project-private xmlns="http://www.netbeans.org/ns/project-private/1">
    <editor-bookmarks xmlns="http://www.netbeans.org/ns/editor-bookmarks/2" lastBookmarkId="0"/>
    <open-files xmlns="http://www.netbeans.org/ns/projectui-open-files/2">
        <group>
            <file>file:/C:/Users/C13248/Desktop/750W_LiveUpdate/Updated%20SW/PFC%20Support%20Test/BPFC/src/main.c</file>
            <file>file:/C:/Users/C13248/Desktop/750W_LiveUpdate/Updated%20SW/PFC%20Support%20Test/BPFC/h/main.h</file>
            <file>file:/C:/Users/C13248/Desktop/750W_LiveUpdate/Updated%20SW/PFC%20Support%20Test/BPFC/uart_fifo.c</file>
            <file>file:/C:/Users/C13248/Desktop/750W_LiveUpdate/Updated%20SW/PFC%20Support%20Test/BPFC/src/init.c</file>
            <file>file:/C:/Users/C13248/Desktop/750W_LiveUpdate/Updated%20SW/PFC%20Support%20Test/BPFC/ezbl_uart_dual_partition.c</file>
            <file>file:/C:/Users/C13248/Desktop/750W_LiveUpdate/Updated%20SW/PFC%20Support%20Test/BPFC/now.c</file>
        </group>
    </open-files>
</project-private>
