<?xml version="1.0" encoding="UTF-8"?><project xmlns="http://www.netbeans.org/ns/project/1">
    <type>com.microchip.mplab.nbide.embedded.makeproject</type>
    <configuration>
        <data xmlns="http://www.netbeans.org/ns/make-project/1">
            <name>Interleaved PFC</name>
            <creation-uuid>3e77bd1d-91fa-47f5-bdbe-37abf5676e76</creation-uuid>
            <make-project-type>0</make-project-type>
            <c-extensions/>
            <cpp-extensions/>
            <header-extensions/>
            <make-dep-projects/>
            <sourceEncoding>UTF-8</sourceEncoding>
        </data>
    </configuration>
</project>
