<?xml version="1.0" encoding="UTF-8"?>
<project-private xmlns="http://www.netbeans.org/ns/project-private/1">
    <editor-bookmarks xmlns="http://www.netbeans.org/ns/editor-bookmarks/1"/>
    <open-files xmlns="http://www.netbeans.org/ns/projectui-open-files/1">
        <file>file:/Z:/Projects/LLC/VMC_Release/LLC_VMC_SW_X/define.h</file>
        <file>file:/Z:/Projects/LLC/VMC_Release/LLC_VMC_SW_X/isr.c</file>
        <file>file:/Z:/Projects/LLC/VMC_Release/LLC_VMC_SW_X/main.c</file>
        <file>file:/Z:/Projects/LLC/VMC_Release/LLC_VMC_SW_X/SRDutyCycle.c</file>
        <file>file:/Z:/Projects/LLC/VMC_Release/LLC_VMC_SW_X/traps.c</file>
        <file>file:/Z:/Projects/LLC/VMC_Release/LLC_VMC_SW_X/init.c</file>
    </open-files>
</project-private>
