<?xml version="1.0" encoding="UTF-8"?>
<project-private xmlns="http://www.netbeans.org/ns/project-private/1">
    <editor-bookmarks xmlns="http://www.netbeans.org/ns/editor-bookmarks/2" lastBookmarkId="0"/>
    <open-files xmlns="http://www.netbeans.org/ns/projectui-open-files/2">
        <group>
            <file>file:/C:/Users/C13248/Desktop/750W_LiveUpdate/UpdatedSW/Latest_SVN/BPFC_v3/src/voltageLoop.c</file>
            <file>file:/C:/Users/C13248/Desktop/750W_LiveUpdate/UpdatedSW/Latest_SVN/BPFC_v3/h/defines.h</file>
            <file>file:/C:/Users/C13248/Desktop/750W_LiveUpdate/UpdatedSW/Latest_SVN/BPFC_v3/ezbl_integration/ezbl_dual_partition.mk</file>
        </group>
    </open-files>
</project-private>
